topic,created_utc,score
CL=F,1748469897.0,-0.1027
CL=F,1748469749.0,0.9889
CL=F,1748469589.0,0.7901
CL=F,1748467653.0,0.0
CL=F,1748467219.0,-0.5171
CL=F,1748465897.0,0.836
CL=F,1748465689.0,0.5267
CL=F,1748463997.0,-0.2411
CL=F,1748463813.0,0.0
CL=F,1748463615.0,-0.2263
CL=F,1748462873.0,0.3637
CL=F,1748462842.0,0.0
CL=F,1748462133.0,-0.5046
CL=F,1748461682.0,0.7837
CL=F,1748461567.0,0.4404
CL=F,1748458334.0,0.0
CL=F,1748455936.0,0.7494
CL=F,1748455125.0,0.636
CL=F,1748454745.0,0.3034
CL=F,1748452802.0,0.4333
CL=F,1748449902.0,0.0
CL=F,1748449709.0,-0.296
CL=F,1748449561.0,-0.3802
CL=F,1748444818.0,0.0
CL=F,1748444243.0,-0.5411
CL=F,1748443532.0,0.3818
CL=F,1748442878.0,0.4574
CL=F,1748442431.0,0.8591
CL=F,1748441662.0,0.5574
CL=F,1748440803.0,0.431
CL=F,1748440400.0,0.7901
CL=F,1748439613.0,0.0
CL=F,1748437744.0,0.0
CL=F,1748436959.0,0.4278
CL=F,1748427287.0,-0.2411
CL=F,1748427141.0,-0.4215
CL=F,1748418911.0,0.4923
CL=F,1748417467.0,-0.9486
CL=F,1748412402.0,-0.6486
CL=F,1748410629.0,0.5719
CL=F,1748408488.0,0.0
CL=F,1748401993.0,0.992
CL=F,1748396896.0,0.9382
CL=F,1748396279.0,0.8702
CL=F,1748392496.0,0.5106
CL=F,1748387604.0,0.9571
CL=F,1748384898.0,-0.6597
CL=F,1748384876.0,-0.3612
CL=F,1748384379.0,0.6486
CL=F,1748383534.0,0.7514
CL=F,1748383384.0,0.6486
CL=F,1748382559.0,-0.1945
CL=F,1748381783.0,0.0
CL=F,1748381500.0,0.0
CL=F,1748380757.0,0.6581
CL=F,1748380546.0,0.0
CL=F,1748379975.0,0.9933
CL=F,1748379488.0,0.4404
CL=F,1748377635.0,-0.9247
CL=F,1748375853.0,-0.2411
CL=F,1748375340.0,0.7096
CL=F,1748372903.0,0.631
CL=F,1748369907.0,0.7958
CL=F,1748368723.0,-0.8418
CL=F,1748368482.0,0.0
CL=F,1748368432.0,0.3612
CL=F,1748364757.0,0.9694
CL=F,1748363554.0,0.0
CL=F,1748362655.0,0.5267
CL=F,1748362496.0,0.0
CL=F,1748362377.0,0.8513
CL=F,1748361525.0,-0.0772
CL=F,1748360980.0,0.5574
CL=F,1748360126.0,0.0
CL=F,1748359936.0,0.0
CL=F,1748359707.0,0.0387
CL=F,1748359551.0,0.8427
CL=F,1748358667.0,-0.1027
CL=F,1748358557.0,0.0
CL=F,1748356988.0,0.0
CL=F,1748354056.0,-0.4831
CL=F,1748347407.0,0.0
CL=F,1748339849.0,-0.2411
CL=F,1748335561.0,-0.8206
CL=F,1748332839.0,0.5106
CL=F,1748317512.0,0.894
CL=F,1748311787.0,0.8658
CL=F,1748300468.0,0.4404
CL=F,1748296752.0,0.1901
CL=F,1748289452.0,-0.2411
CL=F,1748276680.0,0.0
CL=F,1748268688.0,0.6486
CL=F,1748267142.0,0.9861
CL=F,1748265991.0,-0.9087
CL=F,1748253461.0,-0.2411
CL=F,1748241648.0,0.9835
CL=F,1748233102.0,-0.7351
CL=F,1748206623.0,-0.4939
CL=F,1748203065.0,-0.2411
CL=F,1748200371.0,0.4588
CL=F,1748192703.0,0.0
CL=F,1748189225.0,0.34
CL=F,1748186884.0,0.9905
CL=F,1748186737.0,0.0
CL=F,1748146093.0,0.0
CL=F,1748131957.0,0.0
CL=F,1748129763.0,-0.8885
CL=F,1748129701.0,0.8536
CL=F,1748127361.0,0.0
CL=F,1748124237.0,0.0
CL=F,1748123936.0,-0.0028
CL=F,1748123774.0,0.0
CL=F,1748113968.0,0.8814
CL=F,1748111409.0,0.5773
CL=F,1748107541.0,-0.6486
CL=F,1748100377.0,-0.5848
CL=F,1748094455.0,0.0
CL=F,1748094222.0,0.0
CL=F,1748065094.0,0.631
CL=F,1748052707.0,0.0
CL=F,1748052448.0,0.0
CL=F,1748040620.0,0.34
CL=F,1748038604.0,0.0
CL=F,1748037208.0,0.6523
CL=F,1748034164.0,0.0
CL=F,1748030689.0,0.5574
CL=F,1748030262.0,-0.2411
CL=F,1748029199.0,0.9761
CL=F,1748028969.0,0.2382
CL=F,1748028773.0,0.0
CL=F,1748026139.0,0.296
CL=F,1748025964.0,0.0
CL=F,1748025133.0,0.6124
CL=F,1748023912.0,-0.0772
CL=F,1748023878.0,0.9032
CL=F,1748022883.0,0.3919
CL=F,1748022873.0,0.9872
CL=F,1748022499.0,-0.7269
CL=F,1748022287.0,0.4404
CL=F,1748021729.0,0.4528
CL=F,1748021647.0,0.0
CL=F,1748020558.0,0.0
CL=F,1748020420.0,0.0
CL=F,1748020056.0,-0.1531
CL=F,1748018842.0,0.7527
CL=F,1748017038.0,-0.8225
CL=F,1748016967.0,0.0
CL=F,1748013804.0,0.5411
CL=F,1748010999.0,0.9875
CL=F,1748010190.0,0.34
CL=F,1748009794.0,0.2023
CL=F,1748009020.0,0.9375
CL=F,1748007751.0,0.0
CL=F,1748007700.0,0.0
CL=F,1748007273.0,0.0
CL=F,1748005067.0,0.0
CL=F,1747998514.0,-0.4404
CL=F,1747994247.0,-0.2411
CL=F,1747971040.0,0.9076
CL=F,1747966124.0,-0.4207
CL=F,1747962065.0,0.0
CL=F,1747957685.0,-0.6597
CL=F,1747957655.0,0.0
CL=F,1747957181.0,-0.3182
CL=F,1747952728.0,-0.1154
CL=F,1747952112.0,0.4019
CL=F,1747951310.0,0.885
CL=F,1747948461.0,0.765
CL=F,1747946816.0,0.9971
CL=F,1747946459.0,-0.2732
CL=F,1747946024.0,0.0
CL=F,1747944480.0,0.9923
CL=F,1747943854.0,-0.2411
CL=F,1747943108.0,0.0
CL=F,1747940157.0,0.0
CL=F,1747938850.0,0.5319
CL=F,1747938531.0,0.5423
CL=F,1747938365.0,0.0
CL=F,1747935892.0,0.9097
CL=F,1747932679.0,0.6988
CL=F,1747931805.0,-0.8674
CL=F,1747931338.0,0.4278
CL=F,1747930957.0,-0.9722
CL=F,1747930120.0,-0.5023
CL=F,1747928977.0,0.8338
CL=F,1747928371.0,-0.4588
CL=F,1747927613.0,-0.296
CL=F,1747927523.0,0.6369
CL=F,1747926831.0,0.6908
CL=F,1747926283.0,0.9467
CL=F,1747924898.0,-0.0129
CL=F,1747924399.0,-0.296
CL=F,1747923328.0,0.128
CL=F,1747922307.0,0.0
CL=F,1747921414.0,0.4404
CL=F,1747918218.0,0.0
CL=F,1747917752.0,-0.4995
CL=F,1747915795.0,0.8672
CL=F,1747912007.0,0.9161
CL=F,1747907851.0,-0.2411
GC=F,1748467207.0,0.5267
GC=F,1748466451.0,0.7697
GC=F,1748382575.0,0.5423
GC=F,1748398682.0,-0.1556
GC=F,1748403092.0,0.1306
GC=F,1748409802.0,0.633
GC=F,1748409836.0,0.0
GC=F,1748411792.0,0.0
GC=F,1748449072.0,-0.9232
GC=F,1748457637.0,0.0
GC=F,1748464269.0,-0.25
GC=F,1748464245.0,0.25
GC=F,1748463406.0,0.0
GC=F,1748463279.0,0.0
GC=F,1748463237.0,0.6486
GC=F,1748461540.0,0.0
GC=F,1748459571.0,0.7088
GC=F,1748458262.0,0.1027
GC=F,1748457654.0,0.9475
GC=F,1748456958.0,0.3182
GC=F,1748454911.0,0.0
GC=F,1748449911.0,0.739
GC=F,1748449354.0,0.8916
GC=F,1748446259.0,0.9231
GC=F,1748444274.0,0.0
GC=F,1748432529.0,0.128
GC=F,1748427200.0,0.0
GC=F,1748419063.0,0.93
GC=F,1748418681.0,0.2732
GC=F,1748414737.0,0.9115
GC=F,1748411688.0,0.6322
GC=F,1748411107.0,0.5574
GC=F,1748409145.0,0.0
GC=F,1748407782.0,0.9589
GC=F,1748406946.0,-0.0516
GC=F,1748406118.0,0.0
GC=F,1748404643.0,0.9144
GC=F,1748401882.0,0.4912
GC=F,1748395087.0,0.157
GC=F,1748391144.0,0.3182
GC=F,1748387867.0,0.3612
GC=F,1748387616.0,0.0
GC=F,1748384882.0,-0.1779
GC=F,1748383161.0,0.0
GC=F,1748382919.0,0.0
GC=F,1748381333.0,0.7065
GC=F,1748380989.0,0.4019
GC=F,1748380727.0,0.6656
GC=F,1748379663.0,-0.2287
GC=F,1748377854.0,0.0
GC=F,1748377124.0,0.2003
GC=F,1748373887.0,0.6369
GC=F,1748302370.0,0.9072
GC=F,1748373065.0,0.128
GC=F,1748342896.0,0.0
GC=F,1748361548.0,0.5423
GC=F,1748365391.0,0.6768
GC=F,1748372497.0,0.0
GC=F,1748371031.0,0.1306
GC=F,1748370249.0,0.7003
GC=F,1748370038.0,0.0
GC=F,1748368780.0,0.4939
GC=F,1748368332.0,-0.463
GC=F,1748367566.0,0.0
GC=F,1748363553.0,0.7494
GC=F,1748361540.0,-0.2105
GC=F,1748359013.0,-0.6237
GC=F,1748357887.0,0.0
GC=F,1748356638.0,0.9349
GC=F,1748355770.0,0.0
GC=F,1748353680.0,0.4201
GC=F,1748351344.0,0.904
GC=F,1748351144.0,-0.2732
GC=F,1748342589.0,0.3485
GC=F,1748340132.0,0.5927
GC=F,1748339885.0,0.6369
GC=F,1748332439.0,-0.4404
GC=F,1748321813.0,-0.6369
GC=F,1748316125.0,0.6249
GC=F,1748315268.0,0.4933
GC=F,1748314365.0,0.0
GC=F,1748313089.0,0.9365
GC=F,1748313076.0,0.0
GC=F,1748309060.0,0.0
GC=F,1748306829.0,0.5719
GC=F,1748305234.0,0.0
GC=F,1748304957.0,-0.771
GC=F,1748296869.0,0.0
GC=F,1748293919.0,-0.5803
GC=F,1748293195.0,0.0
GC=F,1748290714.0,0.9984
GC=F,1748289349.0,0.0
GC=F,1748282065.0,0.3612
GC=F,1748280576.0,0.0
GC=F,1748280554.0,0.1531
GC=F,1748280020.0,0.9056
GC=F,1748279910.0,-0.3276
GC=F,1748278797.0,0.4215
GC=F,1748277874.0,0.0
GC=F,1748274896.0,0.0
GC=F,1748274837.0,-0.5362
GC=F,1748273381.0,0.0
GC=F,1748272932.0,0.5719
GC=F,1748265215.0,0.4767
GC=F,1748263223.0,0.7545
GC=F,1748262074.0,0.0
GC=F,1748249674.0,-0.6199
GC=F,1748244645.0,0.6843
GC=F,1748238054.0,0.3291
GC=F,1748237003.0,0.9254
GC=F,1748233153.0,0.8807
GC=F,1748231941.0,0.765
GC=F,1748226677.0,0.0
GC=F,1748226009.0,0.0
GC=F,1748223282.0,0.504
GC=F,1748215320.0,0.963
GC=F,1748214224.0,0.0
GC=F,1748212494.0,0.6531
GC=F,1748208943.0,0.4389
GC=F,1748207483.0,0.8513
GC=F,1748207443.0,0.7547
GC=F,1748206394.0,0.0
GC=F,1748206068.0,0.3612
GC=F,1748204035.0,0.2944
GC=F,1748203001.0,0.9052
GC=F,1748201115.0,-0.6752
GC=F,1748195786.0,-0.3421
GC=F,1748195206.0,0.6808
GC=F,1748190453.0,0.917
GC=F,1748189857.0,0.0
GC=F,1748188266.0,-0.6662
GC=F,1748187825.0,0.6696
GC=F,1748111387.0,0.6174
GC=F,1748121879.0,-0.128
GC=F,1748123000.0,-0.5277
GC=F,1748123218.0,-0.1934
GC=F,1748141323.0,0.4137
GC=F,1748143283.0,0.7964
GC=F,1748185036.0,0.8225
GC=F,1748184346.0,0.7845
GC=F,1748147719.0,0.4479
GC=F,1748169435.0,0.5514
GC=F,1748173884.0,0.6369
GC=F,1748179401.0,0.0
GC=F,1748183758.0,0.7783
GC=F,1748178431.0,0.4389
GC=F,1748177411.0,0.8767
GC=F,1748175159.0,0.0
GC=F,1748156745.0,0.7872
GC=F,1748154314.0,0.0
GC=F,1748152104.0,-0.5267
GC=F,1748149515.0,0.6157
GC=F,1748148092.0,0.0
GC=F,1748145100.0,0.0
GC=F,1748142152.0,0.9143
GC=F,1748141107.0,0.0
GC=F,1748141049.0,0.922
GC=F,1748134889.0,0.0
GC=F,1748134320.0,0.5519
GC=F,1748131374.0,0.0
GC=F,1748126347.0,0.0
GC=F,1748123738.0,0.0
GC=F,1748123463.0,0.0
GC=F,1748123141.0,0.0
GC=F,1748120477.0,0.0
GC=F,1748120022.0,0.0
GC=F,1748119232.0,0.0
GC=F,1748119131.0,0.0
GC=F,1748116365.0,0.4329
GC=F,1748116204.0,-0.8378
GC=F,1748116157.0,0.0
GC=F,1748116103.0,0.9717
GC=F,1748113248.0,-0.3818
GC=F,1748112986.0,0.0
GC=F,1748111199.0,0.4588
GC=F,1748106939.0,0.1195
GC=F,1748104209.0,0.0
GC=F,1748104192.0,-0.296
GC=F,1748102075.0,0.0
GC=F,1748101944.0,0.0
GC=F,1748099044.0,0.8957
GC=F,1748093906.0,0.0
GC=F,1748093391.0,0.0
GC=F,1748088938.0,0.9432
GC=F,1748088890.0,0.0
GC=F,1748082394.0,0.963
GC=F,1748079442.0,0.9881
GC=F,1748078650.0,0.8591
GC=F,1748076712.0,-0.3612
GC=F,1748075312.0,0.0853
GC=F,1748073641.0,0.2732
GC=F,1748067274.0,0.2263
GC=F,1748057342.0,-0.6908
GC=F,1748056166.0,0.6369
GC=F,1748053337.0,0.0
GC=F,1748050345.0,0.9667
GC=F,1748045719.0,0.3612
GC=F,1748044567.0,0.8967
GC=F,1748043496.0,0.9861
GC=F,1748043198.0,0.5574
SI=F,1748464638.0,0.0
SI=F,1748449609.0,0.0
SI=F,1748405687.0,0.0
SI=F,1748399266.0,0.5719
SI=F,1748395468.0,-0.6759
SI=F,1748395328.0,0.4479
SI=F,1748381689.0,0.8759
SI=F,1748380277.0,0.0
SI=F,1748377062.0,0.6652
SI=F,1748356444.0,0.4696
SI=F,1748354174.0,-0.2023
SI=F,1748328378.0,0.0
SI=F,1748320390.0,0.0
SI=F,1748314103.0,-0.4767
SI=F,1748303564.0,0.0
SI=F,1748300190.0,0.2263
SI=F,1748298938.0,0.9725
SI=F,1748298210.0,0.0
SI=F,1748296892.0,0.0
SI=F,1748290607.0,0.0
SI=F,1748290263.0,0.0
SI=F,1748287003.0,0.0
SI=F,1748271084.0,0.5176
SI=F,1748218612.0,-0.1232
SI=F,1748216426.0,0.0
SI=F,1748214327.0,-0.431
SI=F,1748194131.0,0.0
SI=F,1748192835.0,-0.296
SI=F,1748189108.0,0.0
SI=F,1748184876.0,0.7622
SI=F,1748150858.0,0.4404
SI=F,1748145352.0,0.884
SI=F,1748123197.0,-0.1027
SI=F,1748118115.0,0.4588
SI=F,1748110303.0,0.0
SI=F,1748097924.0,0.6884
SI=F,1748095556.0,0.0
SI=F,1748070074.0,0.4404
SI=F,1748060206.0,0.5423
SI=F,1748057539.0,0.3313
SI=F,1748049975.0,0.743
SI=F,1748042420.0,-0.1531
SI=F,1748039691.0,-0.3182
SI=F,1748021632.0,0.0
SI=F,1748006873.0,0.0
SI=F,1748006585.0,0.0
SI=F,1747999499.0,0.4019
SI=F,1747954096.0,-0.316
SI=F,1747948462.0,-0.6288
SI=F,1747938132.0,-0.1027
SI=F,1747930050.0,0.0
SI=F,1747886832.0,0.8807
SI=F,1747871301.0,0.0
SI=F,1747853676.0,0.0
SI=F,1747838617.0,0.9417
SI=F,1747799205.0,0.6996
SI=F,1747798544.0,0.0
SI=F,1747796073.0,0.0
SI=F,1747794046.0,0.7845
SI=F,1747793681.0,-0.4098
SI=F,1747777508.0,0.8706
SI=F,1747767384.0,0.2551
SI=F,1747757486.0,0.7802
SI=F,1747752886.0,0.8176
SI=F,1747748803.0,-0.7717
SI=F,1747695968.0,0.6148
SI=F,1747683445.0,-0.886
SI=F,1747681021.0,0.4468
SI=F,1747680321.0,0.4854
SI=F,1747679580.0,0.2617
SI=F,1747673464.0,0.0
SI=F,1747669055.0,0.4404
SI=F,1747661030.0,-0.7003
SI=F,1747636098.0,0.0
SI=F,1747633510.0,0.2263
SI=F,1747607686.0,-0.4767
SI=F,1747602387.0,0.9558
SI=F,1747596275.0,0.5158
SI=F,1747592253.0,0.2263
SI=F,1747586354.0,0.0
SI=F,1747584376.0,0.828
SI=F,1747584367.0,0.0
SI=F,1747582383.0,0.0
SI=F,1747578428.0,0.128
SI=F,1747578234.0,-0.5423
SI=F,1747564233.0,0.0
SI=F,1747540434.0,0.0
SI=F,1747528762.0,0.4019
SI=F,1747527466.0,0.6597
SI=F,1747497910.0,-0.2023
SI=F,1747496747.0,0.6072
SI=F,1747491254.0,-0.4767
SI=F,1747447075.0,0.2263
SI=F,1747433204.0,-0.008
SI=F,1747422588.0,0.5106
SI=F,1747415702.0,0.5609
SI=F,1747412622.0,-0.296
SI=F,1747411727.0,0.5994
SI=F,1747406838.0,0.8516
SI=F,1747367045.0,0.0
SI=F,1747353541.0,0.8903
SI=F,1747347668.0,0.0
SI=F,1747341999.0,0.7089
SI=F,1747320311.0,0.3182
SI=F,1747318743.0,0.0
SI=F,1747257733.0,0.6868
SI=F,1747252547.0,0.4404
SI=F,1747240425.0,0.5632
SI=F,1747228720.0,0.4404
SI=F,1747223815.0,-0.396
SI=F,1747207566.0,-0.2624
SI=F,1747203709.0,0.9003
SI=F,1747195313.0,-0.4939
SI=F,1747178035.0,0.6597
SI=F,1747177813.0,0.3094
SI=F,1747177804.0,0.0
SI=F,1747169401.0,0.0
SI=F,1747169120.0,0.0
SI=F,1747085522.0,0.2354
SI=F,1747075449.0,0.0
SI=F,1747071854.0,0.2263
SI=F,1747047739.0,0.0
SI=F,1747016761.0,0.5574
SI=F,1746999074.0,0.4215
SI=F,1746995784.0,0.0
SI=F,1746977723.0,-0.1779
SI=F,1746953065.0,-0.4846
SI=F,1746934231.0,0.8858
SI=F,1746915303.0,0.6808
SI=F,1746909399.0,0.4738
SI=F,1746896606.0,0.0
SI=F,1746884913.0,0.0
SI=F,1746884127.0,0.0
SI=F,1746864465.0,0.872
SI=F,1746857460.0,0.8309
SI=F,1746855058.0,0.7394
SI=F,1746827729.0,0.0
SI=F,1746820014.0,-0.6249
SI=F,1746813316.0,0.0
SI=F,1746805735.0,0.9482
SI=F,1746805520.0,0.4003
SI=F,1746782502.0,0.1999
SI=F,1746769989.0,-0.1779
SI=F,1746733639.0,0.7003
SI=F,1746724007.0,0.0
SI=F,1746679007.0,0.8201
SI=F,1746650426.0,0.8823
SI=F,1746648766.0,0.0772
SI=F,1746612526.0,-0.0009
SI=F,1746611750.0,0.0
SI=F,1746583699.0,0.3612
SI=F,1746572956.0,0.0
SI=F,1746553729.0,0.2982
SI=F,1746552518.0,0.7753
SI=F,1746546984.0,-0.5574
SI=F,1746537174.0,0.7184
SI=F,1746493455.0,-0.3573
SI=F,1746491693.0,0.0
SI=F,1746477901.0,0.9177
SI=F,1746415415.0,0.0
SI=F,1746382223.0,0.6956
SI=F,1746378582.0,0.4872
SI=F,1746369481.0,0.0
SI=F,1746365903.0,0.3182
SI=F,1746331651.0,0.0
SI=F,1746325600.0,0.4859
SI=F,1746305029.0,0.3382
SI=F,1746303727.0,0.5327
SI=F,1746299622.0,0.8519
SI=F,1746290091.0,-0.34
SI=F,1746286521.0,0.7783
SI=F,1746284451.0,-0.765
SI=F,1746227340.0,0.0
SI=F,1746218670.0,-0.0829
SI=F,1746188154.0,-0.0271
SI=F,1746152347.0,0.9376
SI=F,1746131287.0,0.7048
SI=F,1746064111.0,0.4404
SI=F,1746061589.0,0.6683
SI=F,1746037268.0,0.6868
SI=F,1745981361.0,0.2023
SI=F,1745962907.0,0.3612
SI=F,1745959411.0,0.6808
SI=F,1745941860.0,0.2732
SI=F,1745941813.0,0.7896
SI=F,1745937298.0,0.9442
SI=F,1745887335.0,0.0
SI=F,1745879736.0,0.9076
SI=F,1745852788.0,0.8748
SI=F,1745838827.0,0.0
SI=F,1745806642.0,0.8402
SI=F,1745794612.0,0.3182
SI=F,1745794303.0,0.0
SI=F,1745777857.0,0.3404
SI=F,1745774614.0,0.0
SI=F,1745773094.0,0.0
SI=F,1745770232.0,0.4019
SI=F,1745770181.0,0.4767
SI=F,1745754160.0,0.0
SI=F,1745751456.0,0.0
